model_code,model_name,tier,validation_protocol,step,Delta_PR_AUC,Delta_FNR,Delta_ECE,Delta_Brier
A1,Logistic + interactions,Tier A,V3_leave_Ik,step1_static,0.0,0.0,0.0,0.0
A2,Shallow Decision Tree,Tier A,V3_leave_Ik,step1_static,0.08901337228542494,-0.028125000000000004,-0.060433914833899316,-0.04451598099613485
B1,Random Forest (tuned),Tier B,V3_leave_Ik,step1_static,0.08942452420345015,-0.04609375,-0.05282707300415171,-0.044364806065521525
B2,Gradient Boosting,Tier B,V3_leave_Ik,step1_static,0.08942452420345015,-0.04609375,-0.06284056516464244,-0.046852584518519806
B3,Calibrated B2 (isotonic),Tier B,V3_leave_Ik,step1_static,0.08942452420345015,-0.04609375,-0.06149190713769319,-0.04628253531281722
C1,Monotonic-constrained GBM,Tier C,V3_leave_Ik,step1_static,-0.7330650680632227,0.62734375,-0.03299332142697913,0.046449028604711985
C2,Physics-regularized logistic,Tier C,V3_leave_Ik,step1_static,0.08193486783764614,0.021093749999999994,0.023961824737320295,-0.012189335816321874
C3,Two-stage hybrid,Tier C,V3_leave_Ik,step1_static,0.08942452420345015,-0.04609375,-0.05756834816064686,-0.04553705841788877
