model_code,model_name,tier,validation_protocol,step,Delta_PR_AUC,Delta_FNR,Delta_ECE,Delta_Brier
A1,Logistic + interactions,Tier A,V3_leave_Ik,step3_noise,0.0,0.0,0.0,0.0
A2,Shallow Decision Tree,Tier A,V3_leave_Ik,step3_noise,0.08883007032992674,-0.0296875,-0.06056285749851359,-0.04468575359629098
B1,Random Forest (tuned),Tier B,V3_leave_Ik,step3_noise,0.08924122224795195,-0.04765625,-0.05293786845582458,-0.044525148540447784
B2,Gradient Boosting,Tier B,V3_leave_Ik,step3_noise,0.08924122224795195,-0.04765625,-0.06296950782925671,-0.04702235711867593
B3,Calibrated B2 (isotonic),Tier B,V3_leave_Ik,step3_noise,0.08784538891461857,-0.046093749999999996,-0.061503456276512054,-0.04628897880650561
C1,Monotonic-constrained GBM,Tier C,V3_leave_Ik,step3_noise,-0.7331548901636707,0.6265625,-0.0331611975434871,0.04627481665133959
C2,Physics-regularized logistic,Tier C,V3_leave_Ik,step3_noise,0.08175701547406156,0.014843750000000003,0.02370523721043334,-0.0123561164243862
C3,Two-stage hybrid,Tier C,V3_leave_Ik,step3_noise,0.08924122224795195,-0.04765625,-0.05765174413699374,-0.04568403500161597
