model_code,model_name,tier,validation_protocol,step,Delta_PR_AUC,Delta_FNR,Delta_ECE,Delta_Brier
A1,Logistic + interactions,Tier A,V2_grouped,step3_noise,0.0,0.0,0.0,0.0
A2,Shallow Decision Tree,Tier A,V2_grouped,step3_noise,-0.0003538182773512588,0.012499999999999999,-0.008131614882323019,-0.0008656442619904632
B1,Random Forest (tuned),Tier B,V2_grouped,step3_noise,3.0400082548842633e-05,-0.00078125,-0.006955422092065435,-0.002508524280358951
B2,Gradient Boosting,Tier B,V2_grouped,step3_noise,3.0400082548842633e-05,-0.00078125,-0.0100408282560599,-0.0028242869743999675
B3,Calibrated B2 (isotonic),Tier B,V2_grouped,step3_noise,-0.0013654332507845313,0.00078125,-0.009894644055238135,-0.0026570374421623177
C1,Monotonic-constrained GBM,Tier C,V2_grouped,step3_noise,-0.8348052880389829,0.0,0.02104947601944953,0.09121564047668605
C2,Physics-regularized logistic,Tier C,V2_grouped,step3_noise,-0.004467528558290468,0.05390625,0.08159523974494963,0.03407320553156832
C3,Two-stage hybrid,Tier C,V2_grouped,step3_noise,3.0400082548842633e-05,-0.00078125,-0.009926004881975198,-0.0028121715495647106
