Model,ROC-AUC,PR-AUC,Precision,Recall,F1,Specificity,Balanced Accuracy,FNR,Brier,ECE,MAE,RMSE,Mean ± Std
SVM (RBF),0.969115989293888,0.9696685435399739,0.7953863523113094,0.7975690734794407,0.7964532621819183,0.9992148953104693,0.9732765997795705,0.05243092652055924,0.027926069872166344,0.028205769817279548,0.02827649905433343,0.0569836661640815,PR-AUC 0.9697 ± 0.1109
Proposed Physics-Aware Model,0.9694274186445491,0.9593673796994584,0.6974365245487022,0.7941220959733271,0.7331882487109983,0.9875554099526177,0.9643772145014339,0.05587790402667299,0.03163837023867474,0.030692964291304727,0.03472999662895211,0.10079845530351132,PR-AUC 0.9594 ± 0.1124
Logistic Regression,0.9674413273728933,0.9582656496907705,0.7894066461156404,0.795856227106227,0.792045338888453,0.9978138478254005,0.9715145246453009,0.05414377289377289,0.02885152611816339,0.02889321009286472,0.028925813407902713,0.053124437828683056,PR-AUC 0.9583 ± 0.1167
Existing Repo Model (Hybrid),0.9704404374815252,0.9435294117647058,0.7687528704742272,0.8,0.7801056145925019,0.9963592139295077,0.9718847351698819,0.05,0.028270388166353945,0.02902261321090661,0.02902265971090661,0.049837816117797126,PR-AUC 0.9435 ± 0.1596
Random Forest,0.9704404374815252,0.9435294117647058,0.7742348023405522,0.8,0.7829497621896193,0.9975421948072837,0.9727134050959496,0.05,0.028289722491933445,0.029010696566560364,0.029010743066560363,0.04994628697123436,PR-AUC 0.9435 ± 0.1596
XGBoost/LightGBM/HistGB,0.9701448418563404,0.9288235294117646,0.7625,0.8,0.77,0.9979128978224455,0.9732897822445562,0.05,0.02908327517064612,0.029084255776146373,0.029084302276146373,0.05103218524975402,PR-AUC 0.9288 ± 0.2074
