Model,Clean,Noisy,Missing Features,Unseen Regime,Group Shift,Performance Drop
Existing Repo Model (Hybrid),0.9435294117647058,0.9435294117647058,0.9453066378066377,0.9435294117647058,0.9435294117647058,-0.0004443065104828836
Logistic Regression,0.9582656496907705,0.9510165824437418,0.6201961155612207,0.8868162447971261,0.9313976492067111,0.11090900168857065
Proposed Physics-Aware Model,0.9593673796994584,0.9592192478418166,0.9562083427318981,0.9152545439676122,0.9423484603600495,0.016109730974114278
Random Forest,0.9435294117647058,0.9435294117647058,0.9495049168811055,0.9435294117647058,0.9435294117647058,-0.001493876279099915
SVM (RBF),0.9696685435399739,0.9685488737253458,0.5612574413855752,0.9218235294117647,0.9666038641964482,0.1151101163601903
XGBoost/LightGBM/HistGB,0.9288235294117646,0.9286022215077957,0.166902411093807,0.9435294117647058,0.9288235294117646,0.18685913596724635
