Model,tau_default,tau_F1,tau_cost,tau_HR,Precision@tau,Recall@tau,F1@tau,Cost@tau
Existing Repo Model (Hybrid),0.5,0.9999990000000001,0.001,0.999,0.7687528704742272,0.8,0.7801056145925019,1418.55
Logistic Regression,0.5,0.9999990000000001,0.001,0.999,0.7894066461156404,0.795856227106227,0.792045338888453,1418.1
Proposed Physics-Aware Model,0.5,0.7911992693982488,0.0332,0.8872500000000001,0.6974365245487022,0.7941220959733271,0.7331882487109983,1494.0
Random Forest,0.5,0.9999990000000001,0.001,0.999,0.7742348023405522,0.8,0.7829497621896193,1413.95
SVM (RBF),0.5,0.9083325333333333,0.001,0.999,0.7953863523113094,0.7975690734794407,0.7964532621819183,1422.85
XGBoost/LightGBM/HistGB,0.5,0.9999990000000001,0.001,0.999,0.7625,0.8,0.77,1413.1
