Model,Predictive Score,Calibration Score,Robustness Score,Efficiency Score,Physics Consistency,Explainability,Deployment Readiness,Overall,Overall Recommendation
Proposed Physics-Aware Model,0.9593673796994584,0.9693070357086953,0.9838902690258857,0.9760281959850214,1.0,1.0,1.0,0.9773217646862755,Best overall recommended model
Logistic Regression,0.9582656496907705,0.9711067899071353,0.8890909983114293,0.9242832961429321,0.0,1.0,1.0,0.8540639793299094,Competitive
Existing Repo Model (Hybrid),0.9435294117647058,0.9709773867890934,1.0,0.6268838829841796,0.0,0.0,1.0,0.7641902308742561,Competitive
XGBoost/LightGBM/HistGB,0.9288235294117646,0.9709157442238536,0.8131408640327537,0.81111654442601,0.0,0.0,1.0,0.7485347630526047,Competitive
Random Forest,0.9435294117647058,0.9709893034334396,1.0,0.4237404255360241,0.0,0.0,1.0,0.7398151609764596,Competitive
SVM (RBF),0.9696685435399739,0.9717942301827205,0.8848898836398097,0.0,0.0,0.0,1.0,0.6757103326792482,Competitive
