Model,Training Time,Inference Time,Memory / Model Size,Suitable for Online Screening
Existing Repo Model (Hybrid),1.3331668449973222,0.00923760573882379,0.5725812911987305,True
Logistic Regression,10.536266414998682,0.001874593527797715,0.0063505172729492,True
Proposed Physics-Aware Model,35.13887565000332,0.000593493725518525,0.0029325485229492,True
Random Forest,68.89435363000375,0.01426702977801109,0.913531494140625,True
SVM (RBF),111.84732066000288,0.02475799172843587,0.041341972351074195,True
XGBoost/LightGBM/HistGB,0.9083001999941189,0.00467637503073923,0.1917211532592773,True
