Model,Uncalibrated Brier,Calibrated Brier,Uncalibrated ECE,Calibrated ECE,Best calibration
Existing Repo Model (Hybrid),0.028247336475578387,0.028270388166353945,0.029015871896262056,0.02902261321090661,isotonic
Logistic Regression,0.029653354855052945,0.02885152611816339,0.0326818245572251,0.02889321009286472,isotonic
Proposed Physics-Aware Model,0.047726560482629736,0.03163837023867474,0.08368694109472267,0.030692964291304727,isotonic
Random Forest,0.028241559395474392,0.028289722491933445,0.029923069808828827,0.029010696566560364,isotonic
SVM (RBF),0.02779724362617648,0.027926069872166344,0.029535068880778836,0.028205769817279548,isotonic
XGBoost/LightGBM/HistGB,0.02908302261006964,0.02908327517064612,0.02909100905632086,0.029084255776146373,isotonic
