scenario,PR_AUC_mean,FNR_mean,ECE_mean
1_nominal_baseline,0.9938635442536804,0.0073637702503681,0.0018044618670604
6_regime_shift,0.9324570470292912,0.1491745269049222,0.0558977443663113
7_clean,0.9938635442536804,0.0073637702503681,0.0018044618670604
7_group_shift,0.9889485851306856,0.0064769846642743,0.0033752850899099
7_missing_features,0.9911751149576004,0.0071183112420225,0.0029788675529634
7_noisy,0.993882928655928,0.0073637702503681,0.0017723204286287
7_unseen_regime,0.9746559625245282,0.0,0.0026608777786702
monotonic_consistency,,,0.2380952380952381
