shift,PR_AUC,ROC_AUC,FNR,ECE,Brier,Recall,Precision,F1
clean,0.9938635442536805,0.9990814660233004,0.007363770250368142,0.0018044618670604144,0.0038717298438689283,0.9926362297496318,0.9178145221958905,0.9529749003319418
group_shift,0.9889485851306856,0.9993061322457129,0.006476984664274286,0.0033752850899099428,0.004347704929377971,0.9935230153357258,0.9029213127791438,0.9442439605188272
missing_features,0.9911751149576004,0.9993655453245746,0.007118311242022543,0.0029788675529633718,0.004328886840795471,0.9928816887579774,0.8882292576243846,0.9364377719603562
noisy,0.9938829286559281,0.9990837555650962,0.007363770250368142,0.0017723204286286573,0.0038724351394561285,0.9926362297496318,0.9178145221958905,0.9529749003319418
unseen_regime,0.9746559625245282,0.9997239548263124,0.0,0.002660877778670214,0.0016202824396308144,1.0,0.786580627288136,0.8785833241894936
