n_counterfactuals,mean_start_risk,mean_achieved_risk,mean_delta_H_s_pct,mean_delta_Ikssmin_kA_pct,mean_delta_Sgn_eff_MVA_pct,success_rate,seed,tau_stable
120,0.4564550836292208,,0.2918664213819042,0.0001585049086116,-0.136456432564079,0.0,42,0.04
120,0.2199846884194884,,0.0,0.0,0.0,0.0,43,0.001
120,0.1839637458806732,,0.0,0.0,0.0,0.0,44,0.001
120,0.5600995351536268,,0.1771042242475304,0.0100485636991125,-0.2575368007468729,0.0,45,0.053
120,0.4865928070509858,,0.1605259060585828,0.0386429980127413,-0.0601191961796516,0.0,46,0.048
120,0.5879962051047684,,0.0,0.0,0.0,0.0,47,0.07
120,0.5502489038932532,,0.4280199052057962,0.0491670895721571,-0.556390285841303,0.0,48,0.052
