strategy,PR_AUC,ROC_AUC,FNR,ECE,Brier,Recall,Precision
grouped,0.995520541997467,0.9990628215453705,0.0069410977215692855,0.0021203510536260428,0.003991743900509557,0.9930589022784307,0.9162595325918135
leave_I,0.9920999411027426,0.9983907722759502,0.01201105442176867,0.002341832511986571,0.004046645059882685,0.9879889455782312,0.9372194868754381
leave_S,0.7177208662064432,0.7399952796527014,0.42857142857142855,0.16323104953332127,0.16153309393132328,0.14285714285714285,0.03751803751803751
