imbalance_mode,PR_AUC,ROC_AUC,FNR,ECE,Brier,Recall,Precision,F1
class_weight_logistic,0.999342115910599,0.9996318114874816,0.0007363770250368143,0.00017551058842583963,0.00011822450028485998,0.9992636229749632,0.9980438877052988,0.9986509179647572
existing_approach_proposed,0.9938635442536805,0.9990814660233004,0.007363770250368142,0.0018044618670604144,0.0038717298438689283,0.9926362297496318,0.9178145221958905,0.9529749003319418
no_weight_logistic,0.9995609895796074,0.9997544906720545,0.0004909180166912,0.0002535916400402649,0.00016821462985927807,0.9995090819833088,0.998288925686186,0.9988968005406156
