Model,PR_AUC,ROC_AUC,Precision,Recall,F1,Specificity,Balanced_Accuracy,FNR,Brier,ECE,MAE,RMSE,tau_cost,tau_f1,tau_hr
Proposed Physics-Aware Model,0.9938635442536805,0.9990814660233004,0.9178145221958905,0.9926362297496318,0.9529749003319418,0.9889884613131846,0.9908123455314082,0.007363770250368142,0.0038717298438689283,0.0018044618670604144,0.007262685839532786,0.06196422480800917,0.03785714285714286,0.7652343366633366,0.8157142857142857
