policy,tau,Precision,Recall,F1,FN,FP,Cost
tau_F1,0.7652343366633366,0.9889570988869238,0.958271968581247,0.9731853489017008,24.285714285714285,6.428571428571429,249.28571428571428
tau_HR,0.8157142857142857,0.982113235618382,0.9592538046146294,0.9700999970953068,23.714285714285715,10.714285714285714,247.8571428571429
tau_cost,0.0378571428571428,0.9178145221958904,0.9926362297496318,0.9529749003319418,4.285714285714286,53.71428571428572,96.57142857142856
tau_default,0.5,0.9877046095023652,0.959499263622975,0.973217079961868,23.571428571428573,7.142857142857143,242.8571428571429
