feature,direction,n_checked,violation_rate,mean_delta_p,mean_abs_delta_p
H_s,-1,8400,0.0,-0.0001867589109787,0.0001867589109787
Ikssmin_kA,-1,8400,0.7142857142857143,-9.13786956295093e-06,1.3985978935001067e-05
Sgn_eff_MVA,1,8400,0.0,8.161675804369014e-05,8.161675804369014e-05
