scenario,PR_AUC_mean,FNR_mean,ECE_mean
1_nominal_baseline,0.9938635442536804,0.007363770250368188,0.0018044618670604675
6_regime_shift,0.9324570470292911,0.1491745269049222,0.05589774436631133
7_clean,0.9938635442536805,0.007363770250368188,0.0018044618670604675
7_group_shift,0.9889485851306855,0.0064769846642743,0.003375285089909992
7_missing_features,0.9911751149576004,0.007118311242022583,0.0029788675529634216
7_noisy,0.9938829286559281,0.007363770250368188,0.001772320428628706
7_unseen_regime,0.9746559625245282,0.0,0.00266087777867027
monotonic_consistency,,,0.2380952380952381
