policy,tau,Precision,Recall,F1,FN,FP,Cost
tau_F1,0.7652343366633366,0.9889570988869238,0.958271968581247,0.9731853489017009,24.285714285714285,6.428571428571429,249.28571428571428
tau_HR,0.8157142857142857,0.9821132356183819,0.9592538046146294,0.9700999970953068,23.714285714285715,10.714285714285714,247.85714285714286
tau_cost,0.03785714285714286,0.9178145221958905,0.9926362297496318,0.9529749003319418,4.285714285714286,53.714285714285715,96.57142857142857
tau_default,0.5,0.9877046095023653,0.959499263622975,0.973217079961868,23.571428571428573,7.142857142857143,242.85714285714286
