n_counterfactuals,mean_start_risk,mean_achieved_risk,mean_delta_H_s_pct,mean_delta_Ikssmin_kA_pct,mean_delta_Sgn_eff_MVA_pct,success_rate,seed,tau_stable
120,0.4564550836292208,,0.2918664213819042,0.00015850490861168964,-0.13645643256407902,0.0,42,0.04
120,0.21998468841948843,,0.0,0.0,0.0,0.0,43,0.001
120,0.1839637458806732,,0.0,0.0,0.0,0.0,44,0.001
120,0.5600995351536268,,0.1771042242475304,0.010048563699112556,-0.2575368007468729,0.0,45,0.053
120,0.48659280705098584,,0.16052590605858288,0.038642998012741306,-0.06011919617965165,0.0,46,0.048
120,0.5879962051047684,,0.0,0.0,0.0,0.0,47,0.07
120,0.5502489038932532,,0.42801990520579625,0.04916708957215713,-0.556390285841303,0.0,48,0.052000000000000005
