Model,tau_default,tau_F1,tau_cost,tau_HR,Precision@tau,Recall@tau,F1@tau,Cost@tau
Existing Repo Model (Hybrid),0.5,0.999999,0.001,0.999,0.7970177532558204,0.8214285714285714,0.8061428574613941,2017.107142857143
Logistic Regression,0.5,0.999999,0.001,0.999,0.7895514519977967,0.8183092948717948,0.8002090128133463,2024.7857142857142
Proposed Physics-Aware Model,0.5,0.7721227476221257,0.037714285714285714,0.86275,0.7022028947952949,0.7791353051158592,0.7315879814642472,2117.4285714285716
Random Forest,0.5,0.999999,0.001,0.999,0.8009665422564984,0.8214285714285714,0.8081968822509416,2013.8214285714287
SVM (RBF),0.5,0.9345229523809523,0.001,0.999,0.8164003283536082,0.8194712861956664,0.8179115742346535,2021.5357142857142
XGBoost/LightGBM/HistGB,0.5,0.999999,0.001,0.999,0.7946428571428571,0.8214285714285714,0.7999999999999999,2012.2142857142858
