Model,Training Time,Inference Time,Memory / Model Size,Suitable for Online Screening
Existing Repo Model (Hybrid),1.0923566214270457,0.007333101549993707,0.5620254789079938,True
Logistic Regression,11.998184535712685,0.0015366170745405821,0.0063505172729492,True
Proposed Physics-Aware Model,38.400314103570835,0.0004937805040481643,0.0029325485229492,True
Random Forest,83.62180981428745,0.009684347581386506,0.7707257952008929,True
SVM (RBF),121.18494297500209,0.01929392904151267,0.04145663125174385,True
XGBoost/LightGBM/HistGB,0.6674578214276282,0.0038023319604395143,0.19108377184186656,True
