Model,Uncalibrated Brier,Calibrated Brier,Uncalibrated ECE,Calibrated ECE,Best calibration
Existing Repo Model (Hybrid),0.03962857472825804,0.039641090827748256,0.040620055938969855,0.040570051014611176,isotonic
Logistic Regression,0.04228836299364986,0.04128533665315803,0.046246812045393514,0.0413370904413619,isotonic
Proposed Physics-Aware Model,0.05676021712083736,0.04336080318389612,0.09086904501598812,0.042374423741498565,isotonic
Random Forest,0.03968319167440173,0.03965695462778538,0.04154148679089962,0.0405553413933779,isotonic
SVM (RBF),0.03949456163579947,0.03940600977533925,0.04154860515476576,0.03961402303213763,isotonic
XGBoost/LightGBM/HistGB,0.04005964606419771,0.04005944371561443,0.040087030018175644,0.04006041228985229,isotonic
