Model,ROC-AUC,PR-AUC,Precision,Recall,F1,Specificity,Balanced Accuracy,FNR,Brier,ECE,MAE,RMSE,Mean ± Std
SVM (RBF),0.9587893072907954,0.9593458289255681,0.8164003283536082,0.8194712861956664,0.8179115742346535,0.9992282561595848,0.9628387821666367,0.07338585666147641,0.03940600977533925,0.03961402303213763,0.039672867095566854,0.07186651970046683,PR-AUC 0.9593 ± 0.1264
Proposed Physics-Aware Model,0.9574290615009261,0.9496508662521201,0.7022028947952949,0.7791353051158592,0.7315879814642472,0.9898264423590873,0.9370083462649459,0.11372183774128367,0.04336080318389612,0.042374423741498565,0.04625174217536137,0.11610519753336615,PR-AUC 0.9497 ± 0.1266
Existing Repo Model (Hybrid),0.9598994974874373,0.9431999999999999,0.7970177532558204,0.8214285714285714,0.8061428574613941,0.9971351127325161,0.9619283622270639,0.07142857142857142,0.039641090827748256,0.040570051014611176,0.04057011708603975,0.06456489837675118,PR-AUC 0.9432 ± 0.1571
Random Forest,0.9598994974874373,0.9431999999999999,0.8009665422564984,0.8214285714285714,0.8081968822509416,0.9979866484985603,0.9625235440294999,0.07142857142857142,0.03965695462778538,0.0405553413933779,0.04055540746480647,0.064575386574328,PR-AUC 0.9432 ± 0.1571
XGBoost/LightGBM/HistGB,0.9596984924623115,0.9331999999999999,0.7946428571428571,0.8214285714285714,0.7999999999999999,0.9985092127303182,0.963064130174683,0.07142857142857142,0.04005944371561443,0.04006041228985229,0.04006047836128087,0.06269718051994161,PR-AUC 0.9332 ± 0.1908
Logistic Regression,0.95701095923444,0.9284988593200307,0.7895514519977967,0.8183092948717948,0.8002090128133463,0.9967908529691804,0.9608925647629786,0.07454784798534798,0.04128533665315803,0.0413370904413619,0.041395814053668656,0.07458374581173065,PR-AUC 0.9285 ± 0.1549
