Model,Predictive Score,Calibration Score,Robustness Score,Efficiency Score,Physics Consistency,Explainability,Deployment Readiness,Overall,Overall Recommendation
Proposed Physics-Aware Model,0.9496508662521201,0.9576255762585014,0.9806158430913974,0.9744074676036306,1.0,1.0,1.0,0.971714594146011,Best overall recommended model
Logistic Regression,0.9284988593200307,0.9586629095586381,0.8848743662499493,0.92035748285202,0.0,1.0,1.0,0.8422592881973967,Competitive
Existing Repo Model (Hybrid),0.9431999999999999,0.9594299489853888,0.9953021284271285,0.6199269970250298,0.0,0.0,1.0,0.7603390135772568,Competitive
Random Forest,0.9431999999999999,0.9594446586066221,0.996015835869788,0.49806244438083414,0.0,0.0,1.0,0.7458463823314538,Competitive
XGBoost/LightGBM/HistGB,0.9331999999999999,0.9599395877101478,0.8062114437247148,0.8029259902294423,0.0,0.0,1.0,0.7455543044858084,Competitive
SVM (RBF),0.9593458289255681,0.9603859769678623,0.8907943475111293,0.0,0.0,0.0,1.0,0.6718292905053775,Competitive
