Model,Clean,Noisy,Missing Features,Unseen Regime,Group Shift,Performance Drop
Existing Repo Model (Hybrid),0.9431999999999999,0.9431999999999999,0.9444085137085138,0.9231999999999999,0.9431999999999999,0.004697871572871493
Logistic Regression,0.9284988593200307,0.9231130727450758,0.6053308220153304,0.8273410060580053,0.8977080014615084,0.1151256337500507
Proposed Physics-Aware Model,0.9496508662521201,0.9495459857346548,0.9466201605211367,0.8968286910085683,0.9280720001097105,0.019384156908602623
Random Forest,0.9431999999999999,0.9431999999999999,0.9472633434791518,0.9231999999999999,0.9431999999999999,0.003984164130211965
SVM (RBF),0.9593458289255681,0.958464258705776,0.5907513275931536,0.8947257142857142,0.9566194051621453,0.10920565248887071
XGBoost/LightGBM/HistGB,0.9331999999999999,0.9329805459238769,0.16826522897498222,0.9231999999999999,0.9331999999999999,0.19378855627528524
