model_name,model_policy,threshold_used,calibration,ROC_AUC,PR_AUC,Brier,ECE,MAE,RMSE,Precision,Recall,F1,Specificity,Balanced_Accuracy,FNR,TP,TN,FP,FN
PhysiScreen-OOS product safety stack (1+2+4+5 calibrated cost-sensitive),deployment_safety,0.07200000000000001,isotonic,0.9992168564158679,0.9877476657501127,0.004259449829988034,0.0033076570137746328,0.009180807304635153,0.06526446069637007,0.9260450160771704,0.9982668977469671,0.9608006672226855,0.990579561744829,0.994423229745898,0.0017331022530329288,576,4837,46,1
