feature,PSI
Tag_rate,6.520100342581481
Ikssmin_kA,0.028326487183437617
Sgn_eff_MVA,0.010201282355675691
H_s,0.0014549856545573525
invH,0.2532882350176862
Sgn_over_H,0.08301498151845799
Sgn_over_Ik,0.00033095654266707516
Ik_over_H,0.11916746885281837
log_Sgn_eff_MVA,0.009420025851631698
log_Ikssmin_kA,0.02699924818253105
