seed,strategy,model_id,model_name,family,available,Uncalibrated_Brier,Calibrated_Brier,Uncalibrated_ECE,Calibrated_ECE,Best_Calibration,none_brier,none_ece,platt_brier,platt_ece,isotonic_brier,isotonic_ece
42,stratified,logreg,Logistic Regression,classical,True,0.13779540766424164,0.05396085109219141,0.2120966408529253,0.08158905726597844,isotonic,0.09314381532968849,0.18935756597842035,0.07844381086863395,0.11896810367142363,0.021875000000799998,8.000000000028756e-07
42,stratified,svm_rbf,SVM (RBF),classical,True,0.055518994431349035,0.047937401055241816,0.10222981435622955,0.08085284920570374,isotonic,0.02939112453364262,0.05192335146307914,0.06808432201704773,0.12697583161665274,0.020000000000875005,8.750000000028756e-07
42,stratified,random_forest,Random Forest,classical,True,0.03654459881329641,0.1004150320088664,0.08503856682200979,0.11131356739552582,isotonic,0.01648444433024821,0.054876183339614935,0.05704942702192965,0.12025045589598285,1.0000000000071887e-12,9.999999999897163e-07
42,stratified,boosting_strong,XGBoost/LightGBM/HistGB,strong_tabular,True,0.15197177201408288,0.08564544147510281,0.18536986468766117,0.07755829421790972,isotonic,0.0854435179160051,0.07295354328295876,0.09421994662071607,0.16909555472106325,0.05555555555633056,7.75e-07
42,stratified,existing_repo_model,Existing Repo Model (Hybrid),repo_specific,True,0.02719902407497407,0.0326171375009,0.036110411111111115,0.04687430000000001,isotonic,0.0069830246923080225,0.013889838888888891,0.04698571352749027,0.14100072963471186,1.0000000000071887e-12,9.999999999897163e-07
42,stratified,proposed_physics_model,Proposed Physics-Aware Model,proposed,True,0.0977831550110789,0.06323732277712892,0.14452487356067104,0.09451275755933752,isotonic,0.04468509990570131,0.09191954554040681,0.06445536575620395,0.12412963860078678,0.016666666667591666,9.250000000028755e-07
