Model,Training Time,Inference Time,Memory / Model Size,Suitable for Online Screening
Existing Repo Model (Hybrid),0.1682902999455109,0.2195325010688975,0.1753568649291992,True
Logistic Regression,0.0196458999998867,0.0602375002927146,0.0063505172729492,True
Proposed Physics-Aware Model,0.0812575999880209,0.0383824997697956,0.0029325485229492,True
Random Forest,0.3006585999974049,0.1767825000570155,0.1323776245117187,True
SVM (RBF),0.0177610000246204,0.075700000161305,0.0094327926635742,True
XGBoost/LightGBM/HistGB,0.4365797999780625,0.3599674993893131,0.1092061996459961,True
