Model,Uncalibrated Brier,Calibrated Brier,Uncalibrated ECE,Calibrated ECE,Best calibration
Existing Repo Model (Hybrid),0.027199024074974,0.0326171375009,0.0361104111111111,0.0468743,isotonic
Logistic Regression,0.1377954076642416,0.0539608510921914,0.2120966408529253,0.0815890572659784,isotonic
Proposed Physics-Aware Model,0.0977831550110789,0.0632373227771289,0.144524873560671,0.0945127575593375,isotonic
Random Forest,0.0365445988132964,0.1004150320088664,0.0850385668220097,0.1113135673955258,isotonic
SVM (RBF),0.055518994431349,0.0479374010552418,0.1022298143562295,0.0808528492057037,isotonic
XGBoost/LightGBM/HistGB,0.1519717720140828,0.0856454414751028,0.1853698646876611,0.0775582942179097,isotonic
