Model,Predictive Score,Calibration Score,Robustness Score,Efficiency Score,Physics Consistency,Explainability,Deployment Readiness,Overall,Overall Recommendation
Proposed Physics-Aware Model,0.8250000000000001,0.9054872424406625,1.0,0.893372318792914,1.0,1.0,1.0,0.921192381894469,Best overall recommended model
Logistic Regression,0.8250000000000001,0.9184109427340216,0.9799999999999999,0.8326585027956472,0.0,1.0,1.0,0.8126329900276017,Competitive
SVM (RBF),0.8250000000000001,0.9191471507942963,0.9799999999999999,0.789703236292914,0.0,0.0,1.0,0.737610875498123,Competitive
Existing Repo Model (Hybrid),0.8250000000000001,0.9531257,1.0,0.39013243850809975,0.0,0.0,1.0,0.699378518620972,Competitive
Random Forest,0.6650000000000001,0.8886864326044742,1.0,0.5088931629746352,0.0,0.0,1.0,0.6572307374257615,Competitive
XGBoost/LightGBM/HistGB,0.3908119658119658,0.9224417057820903,0.8745940170940172,0.0,0.0,0.0,1.0,0.5028937805450497,Competitive
