Model,Clean,Noisy,Missing Features,Unseen Regime,Group Shift,Performance Drop
Existing Repo Model (Hybrid),0.8250000000000001,0.8250000000000001,0.8250000000000001,,,0.0
Logistic Regression,0.8250000000000001,0.8250000000000001,0.7849999999999999,,,0.02000000000000013
Proposed Physics-Aware Model,0.8250000000000001,0.8250000000000001,0.8250000000000001,,,0.0
Random Forest,0.6650000000000001,0.5583333333333333,0.8250000000000001,,,-0.026666666666666505
SVM (RBF),0.8250000000000001,0.8250000000000001,0.7849999999999999,,,0.02000000000000013
XGBoost/LightGBM/HistGB,0.3908119658119658,0.3908119658119658,0.14,,,0.12540598290598287
