Model,ROC-AUC,PR-AUC,Precision,Recall,F1,Specificity,Balanced Accuracy,FNR,Brier,ECE,MAE,RMSE,Mean ± Std
Existing Repo Model (Hybrid),0.8885714285714286,0.8250000000000001,0.5,0.8,0.6153846153846154,0.8857142857142857,0.8428571428571429,0.2,0.0326171375009,0.0468743,0.05000085,0.1806021525367292,PR-AUC 0.8250 ± nan
Logistic Regression,0.8685714285714287,0.8250000000000001,0.2666666666666666,0.8,0.4,0.6857142857142857,0.7428571428571429,0.2,0.0539608510921914,0.0815890572659784,0.0998302441639898,0.2322947504619753,PR-AUC 0.8250 ± nan
Proposed Physics-Aware Model,0.8857142857142858,0.8250000000000001,0.4444444444444444,0.8,0.5714285714285714,0.8571428571428571,0.8285714285714285,0.2,0.0632373227771289,0.0945127575593375,0.0945142575593375,0.251470321861505,PR-AUC 0.8250 ± nan
SVM (RBF),0.8857142857142858,0.8250000000000001,0.4444444444444444,0.8,0.5714285714285714,0.8571428571428571,0.8285714285714285,0.2,0.0479374010552418,0.0808528492057037,0.0808543492057037,0.2189461145013581,PR-AUC 0.8250 ± nan
Random Forest,0.8771428571428571,0.6650000000000001,0.5,0.8,0.6153846153846154,0.8857142857142857,0.8428571428571429,0.2,0.1004150320088664,0.1113135673955258,0.1113153173955258,0.3168833097669651,PR-AUC 0.6650 ± nan
XGBoost/LightGBM/HistGB,0.8828571428571429,0.3908119658119658,0.3333333333333333,0.8,0.4705882352941176,0.7714285714285715,0.7857142857142858,0.2,0.0856454414751028,0.0775582942179097,0.1451972664709672,0.2926524243451655,PR-AUC 0.3908 ± nan
