Model,tau_default,tau_F1,tau_cost,tau_HR,Precision@tau,Recall@tau,F1@tau,Cost@tau
Existing Repo Model (Hybrid),0.5,0.999999,0.001,0.999,0.5,0.8,0.6153846153846154,14.0
Logistic Regression,0.5,0.999999,0.001,0.125,0.2666666666666666,0.8,0.4,21.0
Proposed Physics-Aware Model,0.5,0.999999,0.001,0.333,0.4444444444444444,0.8,0.5714285714285714,15.0
Random Forest,0.5,0.999999,0.001,0.999,0.5,0.8,0.6153846153846154,14.0
SVM (RBF),0.5,0.999999,0.001,0.2,0.4444444444444444,0.8,0.5714285714285714,15.0
XGBoost/LightGBM/HistGB,0.5,0.5555555555555556,0.001,0.555,0.3333333333333333,0.8,0.4705882352941176,18.0
